id,en_source,el_human_reference,el_machine_translation,meaning_correct,tone_formality_notes,grammar_pronoun_notes,overall_verdict,your_comment
1,I already told you that she isn't here.,Σας είπα ήδη ότι δεν είναι εδώ.,Σας είπα ήδη ότι δεν είναι εδώ.,Correct,Formal (same),Correct,Pass,Identical. Safe translation.
2,Shall we go to the cinema?,Πάμε σινεμά;,Πάμε σινεμά;,Correct,Informal (same),Correct,Pass,Identical. Good natural Greek.
3,"English is not easy, but it is interesting.","Τα αγγλικά δεν είναι εύκολα, αλλά είναι ενδιαφέροντα.","Τα αγγλικά δεν είναι εύκολα, αλλά είναι ενδιαφέροντα.",Correct,Neutral,Correct,Pass,Identical. Correct plural usage for "English".
4,Nobody understands me.,Κανείς δεν με καταλαβαίνει.,Κανείς δεν με καταλαβαίνει.,Correct,Neutral,Correct,Pass,Identical.
5,I do not understand.,Δεν καταλαβαίνω.,δεν καταλαβαίνω.,Correct,Informal,Minor capitalization error,Pass with note,MT missing capital "Δ" in "Δεν". Minor mechanical issue, not semantic.
6,The film lasted 2 hours.,Το φιλμ κράτησε δύο ώρες.,Η ταινία διήρκεσε 2 ώρες.,Correct,Neutral,Correct,Pass,MT uses "Η ταινία" (more modern) vs "Το φιλμ". Both acceptable.
7,I'm back! Oh? Have we got a guest?,Ήρθα! Ο; Έχουμε καλεσμένο;,γύρισα! Ω; Έχουμε καλεσμένο;,Correct,Informal,Minor issues (typo & capitalization),Pass with note,Reference has a typo "Ο;" (should be "Ω;" or "Α;"). MT corrects the tone but starts with lowercase "γύρισα". Content is fine.
8,I'll show you around the city.,Θα σου δείξω την πόλη.,Θα σας ξεναγήσω στην πόλη.,Correct,Formality mismatch (Formal vs Informal),Correct,Pass with note,Key find! Reference uses informal "σου" + simple verb. MT uses formal "σας" + more elaborate verb "ξεναγήσω". Formality mismatch without context.
9,I will show you around the city.,Θα σου δείξω την πόλη.,Θα σας ξεναγήσω στην πόλη.,Correct,Formality mismatch (Formal vs Informal),Correct,Pass with note,Same as #8. MT defaults to formal tone.
10,I will try it again.,Θα το ξαναπροσπάθησω.,Θα το δοκιμάσω ξανά.,Correct,Neutral,Correct,Pass,Both convey the same meaning. MT is slightly more literal, reference more idiomatic.
11,"Excuse me, I'm lost.","Συγνώμη, έχω χαθεί.","Με συγχωρείτε, χάθηκα.",Correct,Formality mismatch (Formal vs Informal),Correct,Pass with note,Reference uses informal/colloquial "Συγνώμη". MT uses formal polite "Με συγχωρείτε". Good catch on formality layers.
12,You have been missing all these years.,Έχεις λείψει τόσα χρόνια.,Έλειπες όλα αυτά τα χρόνια.,Correct,Tense mismatch (Present Perfect vs Simple Past),Correct,Pass with note,Reference uses Present Perfect ("Έχεις λείψει") implying ongoing effect. MT uses Simple Past ("Έλειπες") implying completed action. Subtle but real aspect difference.
13,Born in Athens in 1956.,Γεννήθηκε στην Αθήνα το 1956.,Γεννήθηκε στην Αθήνα το 1956.,Correct,Neutral,Correct,Pass,Identical.
14,It's the third biggest city in Serbia.,Είναι τη τρίτη μεγαλύτερη πόλη της Σερβίας.,Είναι η τρίτη μεγαλύτερη πόλη της Σερβίας.,Correct,Neutral,Corrects reference error,Pass,Important: MT correctly translated "the third" as nominative "η τρίτη". The human reference incorrectly used accusative "τη τρίτη". MT performed better grammatically here.
15,I don't speak Japanese.,Δε μιλάω Ιαπωνικά.,Δεν μιλάω Ιαπωνικά.,Correct,Informal,Correct,Pass,Both are correct. "Δε" vs "Δεν" is a minor stylistic variation.
16,Do you know where your father went?,Ξέρεις πού πήγε ο πατέρας σου;,Ξέρεις πού πήγε ο πατέρας σου;,Correct,Informal,Correct,Pass,Identical (fixed via retry).
17,My decision to study abroad surprised my parents.,Η απόφασή μου να σπουδάσω στο εξωτερικό εξέπληξε τους γονείς μου.,Η απόφασή μου να σπουδάσω στο εξωτερικό εξέπληξε τους γονείς μου.,Correct,Neutral,Correct,Pass,Identical.
18,One person more or less doesn't make much difference.,Ένα άτομο περισσότερο ή λιγότερο δεν κάνει και μεγάλη διαφορά.,Ένα άτομο λίγο πολύ δεν κάνει μεγάλη διαφορά.,Correct,Idiomatic vs Literal,Correct,Pass with note,Reference is literal ("περισσότερο ή λιγότερο"). MT uses a more natural/idiomatic Greek phrase "λίγο πολύ". However, MT lost the emphatic "και" present in the reference ("δεν κάνει και μεγάλη διαφορά").
19,Let's try something.,Ας δοκιμάσουμε κάτι!,Ας δοκιμάσουμε κάτι.,Correct,Tone mismatch (Exclamation vs Period),Correct,Pass with note,MT correctly translates the phrase but drops the exclamation mark present in the reference. Minor punctuation mismatch.
20,You don't have a fever.,Δεν έχεις πυρετό.,Δεν έχεις πυρετό.,Correct,Informal,Correct,Pass,Identical.